id_shp,reference_source,categorie_code,sous_type,nom,quartier,latitude,longitude,enqueteur,date_releve,nom_responsable,telephone,horaires,garde_nuit,nombre_employes,nombre_enseignants,nombre_talibes,nombre_salles,salle_accouchement,nombre_salles_accouchement,salle_hospitalisation,nombre_salles_hospitalisation,ambulance,nombre_ambulances,nombre_lits,nombre_medecins,nombre_personnel,nombre_patients_jour,vaccination,consultations_prenatales,services,nombre_lignes_transport,nombre_comptoirs,jours_marche,salle_informatique
INF001,ID1,education,École privée,Delta school group,PARCELLES ASSAINIES UNITE V,14.778624,-17.3206765,Maimouna Sadio BA,2026-09-04,DIALLO,,,,,12,,,,,,,,,,,,,,,,,,,
INF002,ID2,sport_loisirs,Terrain de football,Terrain de football unité 4,PARCELLES ASSAINIES UNITE IV,14.7805888,-17.3183976,Maimouna Sadio BA,2026-09-04,,,,,,,,,,,,,,,,,,,,,,,,,
INF003,ID3,education,Daara (école coranique),École franco arabe Seydi Elhadji Malick Sy,PARCELLES ASSAINIES UNITE IV,14.7811367,-17.3183584,Maimouna Sadio BA,2026-09-04,Pape ameth Mbaye,,,,,13,215,,,,,,,,,,,,,,,,,,
INF004,ID4,education,École privée,Groupe Scolaire Aiguillon,PARCELLES ASSAINIES UNITE IV,14.7813007,-17.3181039,Maimouna Sadio BA,2026-09-04,,,,,,,,,,,,,,,,,,,,,,,,,
INF005,ID5,education,École primaire,École primaire unité 4,PARCELLES ASSAINIES UNITE IV,14.7818071,-17.3170368,Maimouna Sadio BA,2026-09-04,,,,,,,,,,,,,,,,,,,,,,,,,
INF006,ID6,environnement,Point de collecte des déchets,sonaged,PARCELLES ASSAINIES UNITE IV,14.7818447,-17.3173422,Maimouna Sadio BA,2026-09-04,,,,,,,,,,,,,,,,,,,,,,,,,
INF007,ID7,sante,Structure sanitaire,,PARCELLES ASSAINIES UNITE IV,14.7837279,-17.3153155,Maimouna Sadio BA,2026-09-04,,,,,,,,,,,,,,,,,,,Non,Non,Consultation,,,,
INF008,ID8,education,Daara (école coranique),Garderie islamique ammar ben nasser,PARCELLES ASSAINIES UNITE IV,14.7833768,-17.3147928,Maimouna Sadio BA,2026-09-04,Assane Ba,,,,,,,,,,,,,,,,,,,,,,,,
INF009,ID9,sante,Pharmacie,Pharmacie du logo,KAWSARA,14.7832704,-17.3144156,Maimouna Sadio BA,2026-09-04,,338788417,8h/22h30,Non,5,,,,,,,,,,,,,,,,,,,,
INF010,ID10,transport,Arrêt bus,Arrêt bus,SANTHIABA,14.7853984,-17.309281,Maimouna Sadio BA,2026-09-04,,,,,,,,,,,,,,,,,,,,,,1,,,
INF011,ID11,education,École primaire,École élémentaire massar DIÉYE,FASS,14.784537,-17.3088936,Maimouna Sadio BA,2026-09-04,,,,,,,,,,,,,,,,,,,,,,,,,
INF012,ID12,sante,Autre (Croix rouge),Centre de promotion et de reinsertion Social keur massar,FASS,14.7840563,-17.3088282,Maimouna Sadio BA,2026-09-04,,,,,,,,,,,,,,,,,,,,,,,,,
INF013,ID13,sante,Poste de santé,Poste de santé de keur massar village,FASS,14.7843515,-17.3087509,Maimouna Sadio BA,2026-09-04,,,,,,,,,,,,,,,,,,,,,,,,,
INF014,ID14,administration,Mairie,Mairie de keur massar nord,FASS,14.784266,-17.3093921,Maimouna Sadio BA,2026-09-04,,,,,,,,,,,,,,,,,,,,,,,,,
INF015,ID15,sante,Pharmacie,Pharmacie Mingue,SANTHIABA,14.7846326,-17.3096389,Maimouna Sadio BA,2026-09-04,,338780358,8h/22h,Non,5,,,,,,,,,,,,,,,,,,,,
INF016,ID16,cimetiere,Cimetière,Cimetière de Niaye Ndiorane,FASS,14.7846268,-17.3061577,Maimouna Sadio BA,2026-09-04,,,,,,,,,,,,,,,,,,,,,,,,,
INF017,ID17,transport,Arrêt bus,Terminus Dakar dem dik,NIAYES NDIORANE,14.7856437,-17.3089395,Maimouna Sadio BA,2026-09-04,,,,,,,,,,,,,,,,,,,,,,,,,
INF018,ID18,sante,Pharmacie,Pharmacie Djimby,ARAFAT I,14.7817718,-17.3116381,Maimouna Sadio BA,2026-09-04,,338232204,8h/23h,Non,,,,,,,,,,,,,,,,,,,,,
INF019,ID19,sante,Structure sanitaire,,Boune,14.7579588,-17.282954,Maimouna Sadio BA,2026-09-04,,,,,,,,,,,,,,,,,,,,,,,,,
INF020,N1,sante,Pharmacie,Aloisia langua tene,BOUNE I,14.766045,-17.33944,Mouhamed DIAW,03/09/2026,,338787927,8h/23h,Non,5,,,,,,,,,,,,,,,,,,,,
INF021,N2,religion,Mosquee,Boune,BOUNE I,14.7661967,-17.3390433,Mouhamed DIAW,03/09/2026,,,,,,,,,,,,,,,,,,,,,,,,,
INF022,N3,education,Daara (école coranique),"Mame Cheikh Anta le ""savant""",BOUNE I,14.7660433,-17.33883,Mouhamed DIAW,03/09/2026,,,,,2,,30,,,,,,,,,,,,,,,,,,
INF023,N4,education,École privée,Groupe scolaire coumba mbacke faye,MEDINATOUL MOUNAWARA,14.7674017,-17.3357733,Mouhamed DIAW,03/09/2026,Mamadou tine,,,,13,,,,,,,,,,,,,,,,,,,,
INF024,N5,sante,Pharmacie,Pharmacie tawhid,PARCELLES ASSAINIES UNITE XIII,14.7709432,-17.3323907,Mouhamed DIAW,03/09/2026,,772768432,9h/23h,Non,4,,,,,,,,,,,,,,,,,,,,
INF025,N6,transport,Arrêt bus,Arret terminus 54,PARCELLES ASSAINIES UNITE XII,14.7765267,-17.3289767,Mouhamed DIAW,03/09/2026,,,,,,,,,,,,,,,,,,,,,,1,,,
INF026,N7,banque,Banque islamique,Banque islamique,PARCELLES ASSAINIES UNITE V,14.7765848,-17.3194779,Mouhamed DIAW,03/09/2026,,,,,,,,,,,,,,,,,,,,,,,,,
INF027,N8,sante,Clinique,Cabinet matlaboul chifa,PARCELLES ASSAINIES UNITE VI,14.7760746,-17.3194937,Mouhamed DIAW,03/09/2026,,,,,,,,,,,,,,,,,,,,,Echographie,,,,
INF028,N1,sante,Poste de santé,Mame Abdoulaye Dia,BOUNE I,14.7661278,-17.3395513,Maimouna Sadio BA,03/09/2026,,,,,,,,2,Oui,3,Oui,2,Oui,1,15,0,3,50,Oui,Oui,"Consultation, Maternite, Vaccination, consultation prenatale, consultation postnatale, echographie, Pediatrie",,,,
INF029,N2,religion,Mosquee,Mosquee,BOUNE I,14.7674542,-17.33784,Maimouna Sadio BA,03/09/2026,,,,,,,,,,,,,,,,,,,,,,,,,
INF030,N3,education,Daara (école coranique),Ecole franco arabe mame diabaly,BOUNE I,14.7669983,-17.3380804,Maimouna Sadio BA,03/09/2026,Aminata ly,,,,20,,390,,,,,,,,,,,,,,,,,,
INF031,N4,cimetiere,Cimetiere,Cimetiere de Boune,DAROU SALAM I BIS,14.7656957,-17.3372127,Maimouna Sadio BA,03/09/2026,,,,,,,,,,,,,,,,,,,,,,,,,
INF032,N5,education,École primaire,Ecole elementaire publique de Boune,BOUNE I,14.7664835,-17.3371654,Maimouna Sadio BA,03/09/2026,,,,,,,,,,,,,,,,,,,,,,,,,
INF033,N6,religion,Mosquee,Mosquee Boune,BOUNE I,14.7655949,-17.337792,Maimouna Sadio BA,03/09/2026,,,,,,,,,,,,,,,,,,,,,,,,,
INF034,N7,religion,Mosquee,Mosquee Boune,DAROU SALAM I BIS,14.7666622,-17.3354716,Maimouna Sadio BA,03/09/2026,,,,,,,,,,,,,,,,,,,,,,,,,
INF035,N8,education,Daara (école coranique),Daara Mahmoud khalili Housary,MEDINATOUL MOUNAWARA,14.767509,-17.3356248,Maimouna Sadio BA,03/09/2026,Elhadji mbaye,,,,2,,30,,,,,,,,,,,,,,,,,,
INF036,N9,sante,Pharmacie,Pharmacie Tijjani Aan,MEDINATOUL MOUNAWARA,14.767758,-17.3339166,Maimouna Sadio BA,03/09/2026,,338781279,,,,,,,,,,,,,,,,,,,,,,,
INF037,N10,religion,Mosquee,Mosquee,PARCELLES ASSAINIES UNITE XIV,14.770655,-17.3340889,Maimouna Sadio BA,03/09/2026,,,,,,,,,,,,,,,,,,,,,,,,,
INF038,N11,education,École primaire,Ecole elementaire P.A unite 14,PARCELLES ASSAINIES UNITE XIV,14.7716276,-17.333754,Maimouna Sadio BA,03/09/2026,Awa DIONE,,,,14,,,,,,,,,,,,,,,,,,,,
INF039,N12,religion,Mosquee,Mosquee 2 unite 14,PARCELLES ASSAINIES UNITE XIV,14.7725905,-17.3348802,Maimouna Sadio BA,03/09/2026,,,,,,,,,,,,,,,,,,,,,,,,,
INF040,N13,sport_loisirs,Terrain de football,Terrain foot unite 14,PARCELLES ASSAINIES UNITE XIV,14.7718299,-17.3347491,Maimouna Sadio BA,03/09/2026,,,,,,,,,,,,,,,,,,,,,,,,,
INF041,N14,commerce,Marché,Marche local unite 14,PARCELLES ASSAINIES UNITE XIV,14.7745797,-17.3338049,Maimouna Sadio BA,03/09/2026,,,,,,,,,,,,,,,,,,,,,,,,,
INF042,N15,religion,Mosquee,Mosquee mourchid P.A Unite 15,PARCELLES ASSAINIES UNITE XV,14.7745606,-17.3312012,Maimouna Sadio BA,03/09/2026,,,,,,,,,,,,,,,,,,,,,,,,,
INF043,N16,education,College,CEM Keur massar,PARCELLES ASSAINIES UNITE XV,14.7754531,-17.331003,Maimouna Sadio BA,03/09/2026,,,,,,,,,,,,,,,,,,,,,,,,,
INF044,N17,education,Daara (école coranique),Ecole franco arabe Mouhamed NGURANE,PARCELLES ASSAINIES UNITE XV,14.7750174,-17.3306419,Maimouna Sadio BA,03/09/2026,Mouhamed ngurane,,,,1,,12,,,,,,,,,,,,,,,,,,
INF045,N18,education,Daara (école coranique),Ahloul qurane,PARCELLES ASSAINIES UNITE XV,14.7754764,-17.3303777,Maimouna Sadio BA,03/09/2026,,,,,,,,,,,,,,,,,,,,,,,,,
INF046,N19,education,École primaire,Ecole elementaire plles Assainies unite 12,PARCELLES ASSAINIES UNITE XII,14.7740519,-17.3290343,Maimouna Sadio BA,03/09/2026,,,,,,,,,,,,,,,,,,,,,,,,,
INF047,N20,sante,Autre (Veterinaire),Veterinaire maa ul hayaat,PARCELLES ASSAINIES UNITE XV,14.7748932,-17.3301618,Maimouna Sadio BA,03/09/2026,Docteur Mor Bigue DIOUF,,,,,,,,,,,,,,,,,,,,,,,,
INF048,N21,sante,Pharmacie,Pharmacie PASCAL,PARCELLES ASSAINIES UNITE XV,14.7762655,-17.3292767,Maimouna Sadio BA,03/09/2026,,338377713,8h/23h,Non,20,,,,,,,,,,,,,,,,,,,,
INF049,N22,sante,Poste de santé,Poste de sante unite 12,PARCELLES ASSAINIES UNITE XII,14.775963,-17.3290537,Maimouna Sadio BA,03/09/2026,,,,,,,,,,,,,,,,,,,,,,,,,
INF050,N23,education,Daara (école coranique),Institut islamique Nahnou ansaroul lah,PARCELLES ASSAINIES UNITE XV,14.7762927,-17.3292448,Maimouna Sadio BA,03/09/2026,,,,,,,,,,,,,,,,,,,,,,,,,
INF051,N24,sport_loisirs,Terrain de football,Terrain marche jumbo,PARCELLES ASSAINIES UNITE VIII,14.7770063,-17.3280492,Maimouna Sadio BA,03/09/2026,,,,,,,,,,,,,,,,,,,,,,,,,
INF052,N25,religion,Mosquee,Mosquee terminus 54,PARCELLES ASSAINIES UNITE XII,14.7756884,-17.3287456,Maimouna Sadio BA,03/09/2026,,,,,,,,,,,,,,,,,,,,,,,,,
INF053,N26,education,École privée,Institut Arpieca,PARCELLES ASSAINIES UNITE XII,14.7756768,-17.3285022,Maimouna Sadio BA,03/09/2026,,,,,,,,,,,,,,,,,,,,,,,,,
INF054,N27,energie,Poste electrique,Senelec,PARCELLES ASSAINIES UNITE XII,14.776154,-17.3282105,Maimouna Sadio BA,03/09/2026,,,,,,,,,,,,,,,,,,,,,,,,,
INF055,N28,education,Daara (école coranique),Internat miftahou rahma,PARCELLES ASSAINIES UNITE XII,14.775952,-17.3276962,Maimouna Sadio BA,03/09/2026,,,,,,,,,,,,,,,,,,,,,,,,,
INF056,N29,environnement,Point de collecte des déchets,SONAGED,PARCELLES ASSAINIES UNITE XII,14.7757449,-17.3272369,Maimouna Sadio BA,03/09/2026,,,,,,,,,,,,,,,,,,,,,,,,,
INF057,N30,sport_loisirs,Terrain de football,Terrain football,PARCELLES ASSAINIES UNITE XII,14.7755552,-17.3273311,Maimouna Sadio BA,03/09/2026,,,,,,,,,,,,,,,,,,,,,,,,,
INF058,N31,sante,Pharmacie,Pharmacie Sankoun FATY,DAROU MISSETTE NORD,14.7747227,-17.325756,Maimouna Sadio BA,03/09/2026,,338378786,8h/23h,Non,8,,,,,,,,,,,,,,,,,,,,
INF059,N32,religion,Mosquee,Mosquee,DAROU MISSETTE NORD,14.7740027,-17.3252745,Maimouna Sadio BA,03/09/2026,,,,,,,,,,,,,,,,,,,,,,,,,
INF060,N33,religion,Mosquee,Mosquee,DAROU MISSETTE CENTRE II,14.7722154,-17.3238922,Maimouna Sadio BA,03/09/2026,,,,,,,,,,,,,,,,,,,,,,,,,
INF061,N34,sante,Pharmacie,Pharmacie Al Amine Mouhamed (PSL),DAROU MISSETTE NORD,14.7725571,-17.3257449,Maimouna Sadio BA,03/09/2026,,338788929,8h30/23h30,Non,,,,,,,,,,,,,,,,,,,,,
INF062,N35,religion,Mosquee,Mosquee unite 9,PARCELLES ASSAINIES UNITE IX,14.7747758,-17.3238539,Maimouna Sadio BA,03/09/2026,,,,,,,,,,,,,,,,,,,,,,,,,
INF063,N36,education,College,CEM unites 9,PARCELLES ASSAINIES UNITE IX,14.7756745,-17.3238818,Maimouna Sadio BA,03/09/2026,,,,,,,,,,,,,,,,,,,,,,,,,
INF064,N37,religion,Mosquee,Mosquee Ali Ibn Abou Talib,PARCELLES ASSAINIES UNITE IX,14.7773681,-17.3235056,Maimouna Sadio BA,03/09/2026,,,,,,,,,,,,,,,,,,,,,,,,,
INF065,N38,environnement,Autre (Service d'hygiene),Brigade d'hygiene de keur massar,PARCELLES ASSAINIES UNITE IX,14.778405,-17.3227833,Maimouna Sadio BA,03/09/2026,,,,,,,,,,,,,,,,,,,,,,,,,
INF066,N39,securite,Caserne des sapeurs-pompiers,Poste integre d'incendie et de secours de Keur Massar,PARCELLES ASSAINIES UNITE XI,14.7789465,-17.3226724,Maimouna Sadio BA,03/09/2026,Adjudant chef Mouhamed Bachir LY,,,,25,,,,,,,,,,,,,,,,,,,,
INF067,N40,station_service,Station service,Ola energy,PARCELLES ASSAINIES UNITE V,14.7791213,-17.3215127,Maimouna Sadio BA,03/09/2026,,,,,,,,,,,,,,,,,,,,,,,,,
INF068,N41,securite,Brigade gendarmerie,Brigade territoriale de keur massar,PARCELLES ASSAINIES UNITE XI,14.7793255,-17.3222084,Maimouna Sadio BA,03/09/2026,,,,,,,,,,,,,,,,,,,,,,,,,
INF069,N42,sante,Centre de santé,Centre de sante de keur massar,PARCELLES ASSAINIES UNITE IX,14.778044,-17.3216009,Maimouna Sadio BA,03/09/2026,,,,,,,,,,,,,,,,,,,,Oui,"Consultation, Maternite, Vaccination, Urgence, ORL, consultation prenatale, consultation postnatale, echographie, Pediatrie, Autres: Laboratoire radiologie, planification familiale, Bloc operatoire, soins dentaires",,,,
INF070,N43,sante,Pharmacie,Pharmacie Dial DIOP,PARCELLES ASSAINIES UNITE V,14.7793586,-17.3216146,Maimouna Sadio BA,03/09/2026,,338787183,8h/23h,Oui,5,,,,,,,,,,,,,,,,,,,,
INF071,N44,religion,Mosquee,Mosquee unite 11 mtoa,PARCELLES ASSAINIES UNITE XI,14.7806391,-17.3235099,Maimouna Sadio BA,03/09/2026,,,,,,,,,,,,,,,,,,,,,,,,,
INF072,N45,religion,Mosquee,Mosquee keur massar unite 5,OUMAR DIALLO,14.780618,-17.3210014,Maimouna Sadio BA,03/09/2026,,,,,,,,,,,,,,,,,,,,,,,,,
INF073,N46,administration,Autre (Centre d'etat civil),Centre d'etat civil unite 9,PARCELLES ASSAINIES UNITE IX,14.7789031,-17.3218708,Maimouna Sadio BA,03/09/2026,,,,,,,,,,,,,,,,,,,,,,,,,
INF074,N47,education,College,CEM keur massar 1,PARCELLES ASSAINIES UNITE V,14.7793229,-17.3199711,Maimouna Sadio BA,03/09/2026,,,,,,,,,,,,,,,,,,,,,,,,,
INF075,N48,education,École primaire,Ecole elementaire unite 5,PARCELLES ASSAINIES UNITE V,14.7781335,-17.3191892,Maimouna Sadio BA,03/09/2026,,,,,,,,,,,,,,,,,,,,,,,,,
INF076,N49,education,École privée,Ecole performance plus,PARCELLES ASSAINIES UNITE VI,14.7767369,-17.3204452,Maimouna Sadio BA,03/09/2026,,,,,,,,,,,,,,,,,,,,,,,,,
INF077,N50,education,École primaire,Ecole elementaire unite 6 de keur massar,PARCELLES ASSAINIES UNITE VI,14.7751396,-17.3207691,Maimouna Sadio BA,03/09/2026,,,,,,,,,,,,,,,,,,,,,,,,,
INF078,N51,banque,Banque,Ecobank Keur massar,PARCELLES ASSAINIES UNITE V,14.7757899,-17.3189016,Maimouna Sadio BA,03/09/2026,,,,,,,,,,,,,,,,,,,,,,,,,
INF079,N52,education,École primaire,Ecole elementaire P.A unite 10,PARCELLES ASSAINIES UNITE X,14.7833175,-17.3223744,Maimouna Sadio BA,03/09/2026,,,,,,,,,,,,,,,,,,,,,,,,,
INF080,,religion,nan,mosquee darou missette EST,DAROU MISSETTE EST I,14.7713367,-17.3197271,,,,,,,,,,,,,,,,,,,,,,,,,,,
INF081,,religion,nan,mosquee,PARCELLES ASSAINIES UNITE VI,14.7741065,-17.322359,,,,,,,,,,,,,,,,,,,,,,,,,,,
INF082,,religion,nan,Mosquee imam Sall,DAROU MISSETTE SUD,14.7708457,-17.3251915,,,,,,,,,,,,,,,,,,,,,,,,,,,
INF083,,religion,nan,Mosquee,PARCELLES ASSAINIES UNITE XII,14.7742075,-17.3276638,,,,,,,,,,,,,,,,,,,,,,,,,,,
INF084,,religion,nan,Mosquee,PARCELLES ASSAINIES UNITE XIII,14.7722675,-17.330592,,,,,,,,,,,,,,,,,,,,,,,,,,,
INF085,,religion,nan,Mosquee,PARCELLES ASSAINIES UNITE XIV,14.772829,-17.33264,,,,,,,,,,,,,,,,,,,,,,,,,,,
INF086,,religion,nan,Mosque,PARCELLES ASSAINIES UNITE XV,14.7759782,-17.3323111,,,,,,,,,,,,,,,,,,,,,,,,,,,
INF087,,religion,nan,Mosquee,DAROU SALAM 8,14.7800809,-17.337346,,,,,,,,,,,,,,,,,,,,,,,,,,,
INF088,,religion,nan,Mosquee,DAROU SALAM 6 DIAMALAYE,14.7793303,-17.3385454,,,,,,,,,,,,,,,,,,,,,,,,,,,
INF089,,religion,nan,Mosquee,PARCELLES ASSAINIES UNITE XVI,14.7804062,-17.3291225,,,,,,,,,,,,,,,,,,,,,,,,,,,
INF090,,religion,nan,Mosquee,PARCELLES ASSAINIES UNITE XVII,14.7805853,-17.3271233,,,,,,,,,,,,,,,,,,,,,,,,,,,
INF091,,religion,nan,Mosquee,PARCELLES ASSAINIES UNITE XVII,14.783628,-17.3243173,,,,,,,,,,,,,,,,,,,,,,,,,,,
INF092,,station_service,nan,Station MTOA,PARCELLES ASSAINIES UNITE XI,14.7829491,-17.3236292,,,,,,,,,,,,,,,,,,,,,,,,,,,
INF093,,religion,nan,Mosquee Unite 5,PARCELLES ASSAINIES UNITE V,14.7790531,-17.3168432,,,,,,,,,,,,,,,,,,,,,,,,,,,
INF094,,religion,nan,Mosquee,PARCELLES ASSAINIES UNITE V,14.7795432,-17.3182992,,,,,,,,,,,,,,,,,,,,,,,,,,,
INF095,,religion,nan,Mosquee,PARCELLES ASSAINIES UNITE III,14.7795067,-17.3147853,,,,,,,,,,,,,,,,,,,,,,,,,,,
INF096,,religion,nan,Mosquee,PARCELLES ASSAINIES UNITE IV,14.7811848,-17.3158334,,,,,,,,,,,,,,,,,,,,,,,,,,,
INF097,,religion,nan,Mosquee,PARCELLES ASSAINIES UNITE IV,14.7810012,-17.3174201,,,,,,,,,,,,,,,,,,,,,,,,,,,
INF098,,religion,nan,Mosque,PARCELLES ASSAINIES UNITE IV,14.7835504,-17.3156462,,,,,,,,,,,,,,,,,,,,,,,,,,,
INF099,,religion,nan,Mosquee,NDIAYENE,14.7837153,-17.3109269,,,,,,,,,,,,,,,,,,,,,,,,,,,
INF100,,religion,nan,Mosquee SOTRAC,CASTOR SOTRAC OUEST,14.7795811,-17.3064859,,,,,,,,,,,,,,,,,,,,,,,,,,,
INF101,,religion,nan,Mosquee,FASS,14.7825803,-17.3066366,,,,,,,,,,,,,,,,,,,,,,,,,,,
INF102,,religion,nan,Mosquee,FASS,14.7838563,-17.3095357,,,,,,,,,,,,,,,,,,,,,,,,,,,
INF103,,religion,nan,Mosquee,SANTHIABA,14.7851372,-17.3094793,,,,,,,,,,,,,,,,,,,,,,,,,,,
INF104,,religion,nan,Mosquee,NIAYES NDIORANE,14.7863263,-17.3084465,,,,,,,,,,,,,,,,,,,,,,,,,,,
INF105,,religion,nan,Mosquee,DIACKSAO I,14.789008,-17.313757,,,,,,,,,,,,,,,,,,,,,,,,,,,
INF106,,religion,nan,Mosquee,MINAME KEUR MASSAR,14.7879338,-17.3163033,,,,,,,,,,,,,,,,,,,,,,,,,,,
INF107,,religion,nan,Mosquee,TAIBA KEUR MASSAR,14.7867559,-17.3191997,,,,,,,,,,,,,,,,,,,,,,,,,,,
INF108,,religion,nan,Mosquee,SAM SAM I (ZONE RECASEMENT I),14.7874385,-17.3208613,,,,,,,,,,,,,,,,,,,,,,,,,,,
INF109,,religion,nan,Mosquee,PARCELLES ASSAINIES UNITE X,14.7860275,-17.3211691,,,,,,,,,,,,,,,,,,,,,,,,,,,
INF110,,religion,nan,Mosquee,PARCELLES ASSAINIES UNITE X,14.7849657,-17.3226063,,,,,,,,,,,,,,,,,,,,,,,,,,,
INF111,,religion,nan,Mosquee,SAM SAM I (ZONE RECASEMENT I),14.7891488,-17.3226276,,,,,,,,,,,,,,,,,,,,,,,,,,,
INF112,,religion,nan,Mosquee Zone de recasement,ZONE RECASEMENT II,14.7905806,-17.3178694,,,,,,,,,,,,,,,,,,,,,,,,,,,
INF113,,religion,nan,Mosquee,SAM SAM III (ZONE RECASEMENT III),14.7935069,-17.3166555,,,,,,,,,,,,,,,,,,,,,,,,,,,
INF114,,religion,nan,Mosquee,DAROU RAHMANE II,14.7932213,-17.312789,,,,,,,,,,,,,,,,,,,,,,,,,,,
INF115,,religion,nan,Mosquee,MEDINA (GANA SARR),14.7935108,-17.310791,,,,,,,,,,,,,,,,,,,,,,,,,,,
INF116,,religion,nan,Mosquee,NDIAYES NDIORANE,14.7879323,-17.2995051,,,,,,,,,,,,,,,,,,,,,,,,,,,
INF117,,religion,nan,Mosquee,CITE GENDARMERIE,14.7823511,-17.2922379,,,,,,,,,,,,,,,,,,,,,,,,,,,
INF118,,religion,nan,Mosquee,NIAKOURAB EXTENSION,14.7854977,-17.2893789,,,,,,,,,,,,,,,,,,,,,,,,,,,
INF119,,religion,nan,Mosquee,NIAKOURAB EXTENSION,14.7854089,-17.28752,,,,,,,,,,,,,,,,,,,,,,,,,,,
INF120,,religion,nan,Mosquee,KHAR YALLA,14.7814852,-17.3022869,,,,,,,,,,,,,,,,,,,,,,,,,,,
INF121,,religion,nan,Mosquee,ALHAMDOULILAHI,14.7834653,-17.3044283,,,,,,,,,,,,,,,,,,,,,,,,,,,
INF122,,religion,nan,Mosquee,PARCELLES ASSAINIES UNITE VI,14.7752406,-17.3196852,,,,,,,,,,,,,,,,,,,,,,,,,,,
INF123,,religion,nan,Mosquee,PARCELLES ASSAINIES UNITE II,14.7766059,-17.3174183,,,,,,,,,,,,,,,,,,,,,,,,,,,
INF124,,religion,nan,Mosquee,PARCELLES ASSAINIES UNITE V,14.7777832,-17.3199516,,,,,,,,,,,,,,,,,,,,,,,,,,,
INF125,,religion,nan,Eglise Saint-Francois D'ASSISE,PARCELLES ASSAINIES UNITE II,14.7740677,-17.3169654,,,,,,,,,,,,,,,,,,,,,,,,,,,
INF126,,religion,nan,Mosquee,BOUNE I,14.7659756,-17.3390392,,,,,,,,,,,,,,,,,,,,,,,,,,,
INF127,,religion,nan,Mosquee,MALIKA TOUBA MONTAGNE,14.7884235,-17.3273762,,,,,,,,,,,,,,,,,,,,,,,,,,,
INF128,,religion,nan,Mosquee,PARCELLES ASSAINIES UNITE II,14.776662,-17.3154138,,,,,,,,,,,,,,,,,,,,,,,,,,,
INF129,,education,Maternite,CASE DES TOUT PETIT,DIACKSAO I,14.7877372,-17.3133558,,,,,,,,,,,,,,,,,,,,,,,,,,,
INF130,,education,College,College P.A unite 14,PARCELLES ASSAINIES UNITE XIV,14.7728029,-17.3340724,,,,,,,,,,,,,,,,,,,,,,,,,,,
INF131,,education,College,College Zone de recasement,ZONE RECASEMENT II,14.7915041,-17.3178723,,,,,,,,,,,,,,,,,,,,,,,,,,,
INF132,,socio_communautaire,nan,centre polyvalent de keur massar,SAM SAM I (ZONE RECASEMENT I),14.7901061,-17.321961,,,,,,,,,,,,,,,,,,,,,,,,,,,
INF133,,commerce,Marché,Marche Jumbo,PARCELLES ASSAINIES UNITE VIII,14.7770893,-17.3268426,,,,,,,,,,,,,,,,,,,,,,,,,,,
INF134,SHP_Marche_218,commerce,Marché,MARCHÉ,MEDINATOUL MOUNAWARA,14.7685201,-17.3350317,,,,,,,,,,,,,,,,,,,,,,,,,,,
INF135,SHP_Marche_220,commerce,Marché,MARCHÉ UNITÉ XIV,PARCELLES ASSAINIES UNITE XIV,14.7739643,-17.3342528,,,,,,,,,,,,,,,,,,,,,,,,,,,
INF136,SHP_Marche_222,commerce,Marché,ZONE DE RECASEMENT,SAM SAM I (ZONE RECASEMENT I),14.7888583,-17.3217069,,,,,,,,,,,,,,,,,,,,,,,,,,,
INF137,SHP_Marche_223,commerce,Marché,MARCHE SOOPE NABY,SAM SAM III (ZONE RECASEMENT III),14.792873,-17.3160452,,,,,,,,,,,,,,,,,,,,,,,,,,,
INF138,SHP_Marche_224,commerce,Marché,Marché (nom non renseigné),NGEDIAGA 2 MALIKA  MONTAGNE,14.7878723,-17.3277315,,,,,,,,,,,,,,,,,,,,,,,,,,,
INF139,SHP_Marche_225,commerce,Centre commercial,CENTRE COMMERCIAL NIANG VIP SANSE,NGEDIEGA  A I MONTAGNE,14.7863737,-17.3292117,,,,,,,,,,,,,,,,,,,,,,,,,,,
INF140,SHP_Marche_226,commerce,Marché,MARCHE MEDINA GANA SARR,MEDINA (GANA SARR),14.7940255,-17.3096161,,,,,,,,,,,,,,,,,,,,,,,,,,,
INF141,SHP_Marche_227,commerce,Marché,PETIT MARCHE,MEDINA (GANA SARR),14.7914038,-17.3111815,,,,,,,,,,,,,,,,,,,,,,,,,,,
INF142,SHP_Marche_228,commerce,Marché,MARCHE KEUR MASSAR,FASS,14.7849163,-17.3091189,,,,,,,,,,,,,,,,,,,,,,,,,,,
INF143,SHP_Marche_229,commerce,Marché,MARCHÉ ET DES FORGERONS,PARCELLES ASSAINIES UNITE II,14.7748614,-17.3160475,,,,,,,,,,,,,,,,,,,,,,,,,,,
INF144,SHP_Marche_230,commerce,Marché,MARCHÉ UNITÉ IV,PARCELLES ASSAINIES UNITE IV,14.7797556,-17.3169596,,,,,,,,,,,,,,,,,,,,,,,,,,,
INF145,SHP_Marche_231,commerce,Centre commercial,CENTRE COMMERCIAL,PARCELLES ASSAINIES UNITE II,14.7789213,-17.3164199,,,,,,,,,,,,,,,,,,,,,,,,,,,
INF146,SHP_Marche_232,commerce,Centre commercial,CENTRE COMMERCIAL,PARCELLES ASSAINIES UNITE II,14.7788155,-17.3165589,,,,,,,,,,,,,,,,,,,,,,,,,,,
INF147,SHP_Marche_233,commerce,Marché,MARCHÉ,PARCELLES ASSAINIES UNITE II,14.7744717,-17.3161403,,,,,,,,,,,,,,,,,,,,,,,,,,,
INF148,SHP_Marche_234,commerce,Supermarché,SUPERMARCHÉ BOROM DAROU,PARCELLES ASSAINIES UNITE V,14.7760701,-17.3185533,,,,,,,,,,,,,,,,,,,,,,,,,,,
INF149,SHP_Marche_235,commerce,Supermarché,SUPER MARCHÉ YA KHADY,PARCELLES ASSAINIES UNITE IV,14.7840652,-17.3164438,,,,,,,,,,,,,,,,,,,,,,,,,,,
INF150,SHP_Marche_236,commerce,Supermarché,MINI MARCHÉ KOLOU TERANGA,PARCELLES ASSAINIES UNITE III,14.7812593,-17.3150071,,,,,,,,,,,,,,,,,,,,,,,,,,,
INF151,SHP_Marche_237,commerce,Marché,Marché (nom non renseigné),CITE GENDARMERIE,14.7803577,-17.2926971,,,,,,,,,,,,,,,,,,,,,,,,,,,
INF152,SHP_Marche_280,commerce,Marché,Marché,DAROU SALAM VIII,14.7806705,-17.3388769,,,,,,,,,,,,,,,,,,,,,,,,,,,
INF153,SHP_Hotelerie_161,hotellerie,Auberge,AUBERGE,NIMZAT SANT YALLA,14.7944487,-17.3000671,,,,,,,,,,,,,,,,,,,,,,,,,,,
INF154,SHP_Centre_de_sante_83,sante,Centre de santé,CS DISTRICT SANITAIRE YEUMBEUL,BOUNE I,14.7663692,-17.3422278,,,,,,,,,,,,,,,,,,,,,,,,,,,
INF155,SHP_Loisirs_211,sport_loisirs,Paris sportifs,PMU,MEDINATOUL MOUNAWARA,14.7677114,-17.3345618,,,,,,,,,,,,,,,,,,,,,,,,,,,
INF156,SHP_Loisirs_212,sport_loisirs,Bar,BAR BON SAMARITAIN,NGUEDIAGA 1,14.7845281,-17.3299124,,,,,,,,,,,,,,,,,,,,,,,,,,,
INF157,SHP_Loisirs_213,sport_loisirs,Paris sportifs,PREMIER BET,DAROU MISSETTE NORD,14.7744328,-17.3250295,,,,,,,,,,,,,,,,,,,,,,,,,,,
INF158,SHP_Loisirs_214,sport_loisirs,Aire de jeux,AIRE DE JEUX,SERIGNE MANSOUR SY,14.7976915,-17.2906573,,,,,,,,,,,,,,,,,,,,,,,,,,,
INF159,SHP_Loisirs_215,sport_loisirs,Bar,BAR,MEDINA (GANA SARR),14.7962767,-17.3114603,,,,,,,,,,,,,,,,,,,,,,,,,,,
INF160,SHP_Loisirs_216,sport_loisirs,Bar,BAR,MEDINA FASS,14.7914616,-17.308676,,,,,,,,,,,,,,,,,,,,,,,,,,,
INF161,SHP_Loisirs_217,sport_loisirs,Salle de jeux,SALLE DE JEUX,DAROU SALAM  EXTENSION,14.7908644,-17.2937669,,,,,,,,,,,,,,,,,,,,,,,,,,,
INF162,SHP_Loisirs_218,sport_loisirs,Salle de jeux,SALLE DE JEUX,NIMZAT SANT YALLA,14.8005538,-17.2937108,,,,,,,,,,,,,,,,,,,,,,,,,,,
INF163,SHP_Loisirs_219,sport_loisirs,Paris sportifs,1X BET,FASS,14.7849855,-17.3078852,,,,,,,,,,,,,,,,,,,,,,,,,,,
INF164,SHP_Loisirs_220,sport_loisirs,Salle de jeux,SALLE DE JEUX,SANTHIABA,14.7848371,-17.3102234,,,,,,,,,,,,,,,,,,,,,,,,,,,
INF165,SHP_Loisirs_221,sport_loisirs,Salle de jeux,SALLE DE JEUX,PARCELLES ASSAINIES UNITE II,14.7769277,-17.3160285,,,,,,,,,,,,,,,,,,,,,,,,,,,
INF166,SHP_Loisirs_222,sport_loisirs,Salle de sport,FITNESS DOOLE,FIRDAWSI,14.7866911,-17.2985779,,,,,,,,,,,,,,,,,,,,,,,,,,,
INF167,SHP_Loisirs_223,sport_loisirs,Bar,BAR,ALHAMDOULILAHI,14.7840953,-17.3035629,,,,,,,,,,,,,,,,,,,,,,,,,,,
INF168,SHP_Loisirs_224,sport_loisirs,Bar,BAR,CITE GENDARMERIE,14.7781798,-17.2950921,,,,,,,,,,,,,,,,,,,,,,,,,,,
INF169,SHP_Loisirs_225,sport_loisirs,Bar,BAR,PARCELLES ASSAINIES UNITE VI,14.7738474,-17.3210864,,,,,,,,,,,,,,,,,,,,,,,,,,,
INF170,ID170,sante,Pharmacie,pharmacie salibabacar,NDIAYES NDIORANE,14.7907216,-17.2977805,,,,770911454,8h/23h,non,,,,,,,,,,,,,,,,,,,,,
INF171,ID171,station_service,Station-service,mka,SAFCO III-DAROU SALAM II-DAROU SALAM I-NIACOUL RAB EXTENSION,14.7902517,-17.2923342,,,,,,,,,,,,,,,,,,,,,,,,,,,
INF172,ID172,education,Institut de formation,institut de formation aux technique de la manuten,SAFCO III-DAROU SALAM II-DAROU SALAM I-NIACOUL RAB EXTENSION,14.7887197,-17.2933564,,,,,,,,,,,,,,,,,,,,,,,,,,,
INF173,ID173,sante,Pharmacie,pharmacie adja oulimata,NIMZAT SANT YALLA,14.7955601,-17.2964688,,,,709756203,,,,,,,,,,,,,,,,,,,,,,,
INF174,ID174,sante,Pharmacie,pharmacie maya mame ansou niang,CASTOR SOTRAC OUEST,14.7816906,-17.3038250,,,,338789298,24h/24,oui,,,,,,,,,,,,,,,,,,,,,
INF175,ID175,sante,Pharmacie,pharmacie elimane aly dramane,PARCELLES ASSAINIES UNITE III,14.7779162,-17.3143624,,,,800002020,8h/22h30,,,,,,,,,,,,,,,,,,,,,,
INF176,ID176,sante,Pharmacie,pharmacie ya aida,PARCELLES ASSAINIES UNITE V,14.7780229,-17.3173145,,,,773084637,,,,,,,,,,,,,,,,,,,,,,,
INF177,ID177,sante,Pharmacie,pharmacie serigne moustapha sy,MONTAGNE I (DARADJI),14.7848653,-17.3243572,,,,3837987,,8h/23h,,,,,,,,,,,,,,,,,,,,,
INF178,ID178,station_service,Station-service,station omega,MONTAGNE I (DARADJI),14.7862181,-17.3248664,,,,,,,,,,,,,,,,,,,,,,,,,,,
INF179,ID179,education,École primaire,ecole elementaire school medina gana sarr,DAROU SALAM II BIS,14.7960672,-17.3128812,,,,,,,,,,,,,,,,,,,,,,,,,,,
INF180,ID180,religion,Église,eglise l'enfant jesus de prague,NIMZAT SANT YALLA,14.7941541,-17.2906825,,,,,,,,,,,,,,,,,,,,,,,,,,,
INF181,ID181,education,Collège,CEM keur massar village,NIAYES NDIORANE,14.7879461,-17.3063467,,,,,,,,,,,,,,,,,,,,,,,,,,,
INF182,ID182,education,École privée,Groupe Scolaire Lamtoro,MEDINA (GANA SARR),14.7928662,-17.3108294,,,,,,,,,,,,,,,,,,,,,,,,,,,
INF183,ID183,sante,Pharmacie,pharmacie tamba,SAM SAM I (ZONE RECASEMENT I),14.7893313,-17.3197310,,,,781479002,8h/23h,,,,,,,,,,,,,,,,,,,,,,
INF184,ID184,education,Institut de formation,Institut de formation en hotelerir Sokhna ndiaye,PARCELLES ASSAINIES UNITE IV,14.7811896,-17.3152515,,,,,,,,,,,,,,,,,,,,,,,,,,,
INF185,ID185,religion,Mosquée,mosque thieke,MEDINA (GANA SARR),14.7976294,-17.3042998,,,,,,,,,,,,,,,,,,,,,,,,,,,
INF186,ID186,religion,Mosquée,mosque daaradji km,NDIAYES NDIORANE,14.7986018,-17.3019285,,,,,,,,,,,,,,,,,,,,,,,,,,,
INF187,ID187,religion,Mosquée,mosque APIX,NIMZAT SANT YALLA,14.8054049,-17.2983897,,,,,,,,,,,,,,,,,,,,,,,,,,,
INF188,ID188,education,Daara (école coranique),internat Mame Babacar DIA,SANT YALLA I,14.7904127,-17.3132229,,,,,,,,,,,,,,,,,,,,,,,,,,,
INF189,ID189,education,Collège,CEM Zone de Recasement,ZONE RECASEMENT II,14.7910690,-17.3173626,,,,,,,,,,,,,,,,,,,,,,,,,,,
INF190,ID190,religion,Mosquée,mosque fass mbao,ZONE RECASEMENT II,14.7913040,-17.3190264,,,,,,,,,,,,,,,,,,,,,,,,,,,
INF191,ID191,education,Collège,CEM KEUR MASSAR 2,PARCELLES ASSAINIES UNITE XV,14.7770533,-17.3311681,,,,,,,,,,,,,,,,,,,,,,,,,,,
INF192,ID192,sante,Pharmacie,pharmacie sega ndao,DAROU SALAM 6 DIAMALAYE,14.7777997,-17.3388516,,,,,,,,,,,,,,,,,,,,,,,,,,,
INF193,ID193,transport,Arrêt bus,terminus 82,DAROU SALAM 6 DIAMALAYE,14.7779479,-17.3391105,,,,,,,,,,,,,,,,,,,,,,,,,,,
INF194,ID194,education,École privée,ecole vision bilingue,DAROU SALAM 6 DIAMALAYE,14.7783754,-17.3397629,,,,,,,,,,,,,,,,,,,,,,,,,,,
INF195,ID195,education,École privée,ecole oumou Hawa BA,DAROU SALAM 6 DIAMALAYE,14.7791335,-17.3384237,,,,,,,,,,,,,,,,,,,,,,,,,,,
INF196,ID196,religion,Mosquée,jakka Ndiaye kamil,DAARAY KAMIL,14.7777519,-17.3363971,,,,,,,,,,,,,,,,,,,,,,,,,,,
INF197,ID197,education,Collège,CP Seyda Mariama SARR,TAWFEX,14.7700344,-17.3391266,,,,,,,,,,,,,,,,,,,,,,,,,,,
INF198,ID198,station_service,Station-service,Station SAP Boune Le WALO,BOUNE III,14.7665851,-17.3424222,,,,,,,,,,,,,,,,,,,,,,,,,,,
INF199,ID199,sante,Pharmacie,Pharmacie Adja Khoudia,BOUNE III,14.7669076,-17.3434025,,,,338787905,8h/23h,,,,,,,,,,,,,,,,,,,,,,
INF200,ID200,education,Daara (école coranique),Institut Ahmad Sakhir LO,DAROU SALAM II (BOUNE),14.7640120,-17.3390592,,,,,,,,,,,,,,,,,,,,,,,,,,,
INF201,ID201,education,École primaire,Ecole elementaire darou missette,DAROU MISSETTE SUD,14.7719061,-17.3257941,,,,,,,,,,,,,,,,,,,,,,,,,,,
INF202,ID202,religion,Église,eglise evangelique AES boune,MEDINATOUL MOUNAWARA,14.7690539,-17.3355414,,,,,,,,,,,,,,,,,,,,,,,,,,,
INF203,ID203,religion,Mosquée,mosque boune,MEDINATOUL RASSOUL,14.7676546,-17.3376904,,,,,,,,,,,,,,,,,,,,,,,,,,,
INF204,ID204,education,École primaire,Ecole Elementaire de Boune,BOUNE I,14.7667236,-17.3372347,,,,,,,,,,,,,,,,,,,,,,,,,,,
INF205,ID205,sport_loisirs,Paris sportifs,1XBET,DAROU MISSETTE OUEST ALWAR,14.7712300,-17.3281701,,,,,,,,,,,,,,,,,,,,,,,,,,,
INF206,ID206,education,École primaire,Ecole PAU13,PARCELLES ASSAINIES UNITE XIII,14.7715704,-17.3304888,,,,,,,,,,,,,,,,,,,,,,,,,,,
INF207,ID207,religion,Mosquée,medicom group,ARAFAT I,14.7780469,-17.3101232,,,,,,,,,,,,,,,,,,,,,,,,,,,
INF208,ID208,education,Daara (école coranique),Institut daarou tarbiya wattahlim abdoul,ARAFAT I,14.7775137,-17.3104038,,,,,,,,,,,,,,,,,,,,,,,,,,,
INF209,ID209,education,École privée,Ecole Boubou SALL,CASTOR SOTRAC OUEST,14.7776900,-17.3070937,,,,,,,,,,,,,,,,,,,,,,,,,,,
INF210,ID210,education,Daara (école coranique),Institut Khalifa Ababacar SY,CASTOR SOTRAC OUEST,14.7791440,-17.3064518,,,,,,,,,,,,,,,,,,,,,,,,,,,
INF211,ID211,education,Autres,Centre SUBA,CASTOR SOTRAC OUEST,14.7785216,-17.3075145,,,,,,,,,,,,,,,,,,,,,,,,,,,
INF212,ID212,religion,Mosquée,mosque layenn,ARAFAT II,14.7805202,-17.3080624,,,,,,,,,,,,,,,,,,,,,,,,,,,
INF213,ID213,station_service,Station-service,station shell,ARAFAT I,14.7808804,-17.3121579,,,,,,,,,,,,,,,,,,,,,,,,,,,
INF214,ID214,education,Autres,Groupes IPG-ISTI,HOUSNA,14.7813759,-17.3121972,,,,,,,,,,,,,,,,,,,,,,,,,,,
INF215,ID215,religion,Mosquée,mosquee kawssara,DIACKSAO II (DEKH GOUMACK),14.7850947,-17.3136454,,,,,,,,,,,,,,,,,,,,,,,,,,,
INF216,ID216,religion,Mosquée,mosque medina fass,MEDINA (GANA SARR),14.7939145,-17.3087665,,,,,,,,,,,,,,,,,,,,,,,,,,,
INF217,ID217,administration,IEF,IEF de keur Massar,PARCELLES ASSAINIES UNITE X,14.7856492,-17.3203582,,,,,,,,,,,,,,,,,,,,,,,,,,,
INF218,ID218,education,Lycée,Lycee Zone de recasement,PARCELLES ASSAINIES UNITE X,14.7849802,-17.3212596,,,,,,,,,,,,,,,,,,,,,,,,,,,
INF219,ID219,religion,Mosquée,mosquee geureum yalla,PARCELLES ASSAINIES UNITE X,14.7857191,-17.3231157,,,,,,,,,,,,,,,,,,,,,,,,,,,
INF220,ID220,education,Lycée,Lycee Omar Ibn Alkhattab,PARCELLES ASSAINIES UNITE X,14.7851390,-17.3208282,,,,,,,,,,,,,,,,,,,,,,,,,,,
INF221,ID221,religion,Mosquée,mosque Samba DEME,DAROU SALAM II BIS,14.7944766,-17.3152163,,,,,,,,,,,,,,,,,,,,,,,,,,,
INF222,ID222,education,Daara (école coranique),Institut Franco Arabe Sokhna Astou KANE,DAROU MISSETTE EST II,14.7723770,-17.3185340,,,,,,,,,,,,,,,,,,,,,,,,,,,
INF223,ID223,commerce,Marché,Marche Zone de Recasement,SAM SAM III (ZONE RECASEMENT III),14.7923468,-17.3159824,,,,,,,,,,,,,,,,,,,,,,,,,,,
INF224,ID224,religion,Mosquée,Mosquee Unite 16,PARCELLES ASSAINIES UNITE XVI,14.7784870,-17.3278784,,,,,,,,,,,,,,,,,,,,,,,,,,,
INF225,ID225,education,École privée,Cours privee savoir plus,PARCELLES ASSAINIES UNITE XVI,14.7790631,-17.3276658,,,,,,,,,,,,,,,,,,,,,,,,,,,
INF226,ID226,education,École primaire,ecole elementaire PAU16,PARCELLES ASSAINIES UNITE XVI,14.7791202,-17.3298101,,,,,,,,,,,,,,,,,,,,,,,,,,,
INF227,ID227,education,Autres,CPFA Emergy ngone,MEDINATOUL SALAM II,14.7811027,-17.3309974,,,,,,,,,,,,,,,,,,,,,,,,,,,
INF228,ID228,religion,Mosquée,mosquee Kambel,NDIAYES NDIORANE,14.7888158,-17.3004946,,,,,,,,,,,,,,,,,,,,,,,,,,,
INF229,ID229,religion,Mosquée,mosque darou salam 1,SAFCO III-DAROU SALAM II-DAROU SALAM I-NIACOUL RAB EXTENSION,14.7879353,-17.2937793,,,,,,,,,,,,,,,,,,,,,,,,,,,
INF230,ID230,sport_loisirs,Terrain de football,Terrain de football ASC NATANGUE,NIMZAT SANT YALLA,14.7943700,-17.2940051,,,,,,,,,,,,,,,,,,,,,,,,,,,
INF231,ID231,sante,Pharmacie,pharmacie cheikh awa balla,BOUNE I,14.7661731,-17.3393577,,,,771158706,,,,,,,,,,,,,,,,,,,,,,,
INF232,ID232,education,École privée,Complexe Cheikh Ibrahima Niass,KHAIRA,14.7665207,-17.3414761,,,,,,,,,,,,,,,,,,,,,,,,,,,
INF233,ID233,education,École privée,Ecole privee Serigne Modou kane,KHAIRA,14.7673106,-17.3415216,,,,,,,,,,,,,,,,,,,,,,,,,,,
INF234,ID234,station_service,Station-service,Dibor,NIAKOURAB EXTENSION,14.7810202,-17.2901951,,,,,,,,,,,,,,,,,,,,,,,,,,,
INF235,ID235,religion,Mosquée,mosque de keur massar,NIAKOURAB EXTENSION,14.7816249,-17.2890657,,,,,,,,,,,,,,,,,,,,,,,,,,,
INF236,ID236,station_service,Station-service,SGF OIL,ALHAMDOULILAHI,14.7848418,-17.3053359,,,,,,,,,,,,,,,,,,,,,,,,,,,
INF237,ID237,education,Autres,Tolou Wade,NIAYES NDIORANE,14.7859158,-17.3080286,,,,,,,,,,,,,,,,,,,,,,,,,,,
INF238,ID238,education,École primaire,ecoloe elementaire Unite 14,PARCELLES ASSAINIES UNITE XIV,14.7713789,-17.3333772,,,,,,,,,,,,,,,,,,,,,,,,,,,
INF239,ID239,education,École privée,Ecole Le Dispositif,MEDINATOUL MOUNAWARA,14.7689734,-17.3333029,,,,,,,,,,,,,,,,,,,,,,,,,,,
INF240,ID240,station_service,Station-service,Depot Gaz Lobbou Mame diarra bousso,MEDINATOUL MOUNAWARA,14.7683625,-17.3331500,,,,,,,,,,,,,,,,,,,,,,,,,,,
INF241,ID241,cimetiere,Cimetière,Cimetiere e keur massar village,ARAFAT I,14.7794758,-17.3116153,,,,,,,,,,,,,,,,,,,,,,,,,,,
INF242,ID242,religion,Mosquée,mosquee keur massar,ARAFAT I,14.7811154,-17.3108445,,,,,,,,,,,,,,,,,,,,,,,,,,,
INF243,ID243,religion,Mosquée,mosquee,ARAFAT I,14.7799968,-17.3118307,,,,,,,,,,,,,,,,,,,,,,,,,,,
