id_shp;nicad_matrice;titulaire_matrice;code_section;lotissement
KMN-009844;0 152020101500060;Khylla Dieye;0 1520201015;
KMN-010221;0 152020101500049;Thierno Amadou Diallo;0 1520201015;Cooperative CBAO
KMN-010260;0 152020101500047;Yakhya Badji;0 1520201015;Cooperative CBAO
KMN-010891;1520201500011;Madieyna KAMA;1520201015;
KMN-011394;0 152020101500417;Soda Ndiaye;0 10520201015;
KMN-011462;0 152020101500416;Soda Ndiaye;0 10520201015;
KMN-011698;0 152010101200254;Momath Cisse;0 1520101012;
KMN-011700;0 152020101500547;Ndeye Khady Sy;0 1520201015;
KMN-011840;0 152020101500549;Ndeye Khady Sy;0 1520201015;
KMN-012021;0 152020101500388;Khardiata BA;0 1520201015;Keur Massar à proximité de l'hopital traditionnel
KMN-012297;0 152020101500123;Ibra Masse Ndiaye;0 1520201015;Cooperative CBAO
KMN-012526;0 152020101500102;Ndeye Safietou BADJI;0 10520201015;Cooperative CBAO
KMN-012891;0 152020101500440;Mane Diop;0 1520201015;Keur Massar Proximité Hopital Traditionnel
KMN-013271;0 152020101401674;Lamine Sane;0 1520201014;Hopital Traditionnel de Keur Massar
KMN-013440;0 152010101400297;Ramatoulaye Sidibe;0 1520101014;
KMN-013571;0 152010101400290;Abdoulaye Gassama;0 1520101014;Bankas
KMN-013577;0 152020101500198;Aissatou Diouf;0 1520201015;Keur Massar Nord
KMN-013662;0 152020101400288;Abdoulaye Gassama;0 1520201014;
KMN-013666;0 152020101500174;Aissata alpha KANE;0 10520201015;Cooperative CBAO
KMN-013735;0 152020101500173;Cheikh Toure;0 1520201015;Cooperative CBAO
KMN-014635;0 152020101500216;François Tounkara;0 1520201015;
KMN-014649;0 1520300201500585;Habibou DIOP;0 10520302015;Extension village keur massar
KMN-014650;0 152020101500583;Habibou DIOP;0 1520201015;Extension Village Keur Massar
KMN-014745;0 152020101400555;Leon Kofi Boafo ADADE;0 1520201014;
KMN-015003;0 152020101500263;Birame Tagne DIOP;0 1520201015;Cooperative CBAO
KMN-015199;0 152020101400147;Papa Insa SANE;0 1520201014;Arrété n°0014/MVP/DST/du 21 Juin 2006
KMN-015332;0 152020101400212;Veronique NDOUR;0 1520201014;12894/DP
KMN-015867;0 152020101500246;Maty Sall;0 1520201015;
KMN-016199;0 152020101500238;Aissatou DJITE;0 1520201015;Cooperative CBAO
KMN-016777;0 152020101400171;Moustapha Fall;0 1520201014;
KMN-016884;0 1520201001400251;Alhussein Diallo;0 1520201014;
KMN-017533;0 152020101401119;Oumou Salam KANE;0 1520201014;Cite Wardini
KMN-017683;0 152030200201117;Cheikh Ndiaye;0 1520302002;Arreté 003/MVP/DST/du  06/03/2007
KMN-017796;0 152020101501249;Mamadou DIOP;0 1520201015;Extension Hopital Traditionnel
KMN-017798;0 152020101501251;Hamidou TAMBADOU;0 1520201015;Extension Hopital Traditionnel
KMN-018015;0 152020101301150;Rabaniyat Joachim;0 1520201013;Keur Massar
KMN-018061;0 152020101501270;Abdoulaye Mbodj;0 1520201015;
KMN-018140;0 1152020101501469;Dame Faye;0 1520201015;Cooperative ministere de la sante
KMN-018249;0 152020101500981;Ramata Diallo;0 1520201015;Hopital Traditionnel Keur Massar
KMN-018468;0 152020101501282;Matar LO;0 1520201015;
KMN-018762;0 152020101301139;Khadidiatou Thiam;0 1520201013;
KMN-018931;0 152020101401606;Issoufou Alkassoum Dan MAGAGI;0 1520201014;
KMN-019045;0 152020101501202;Daouda Cherif Aidara;0 1520201015;Hopital Traditionnel de Keur Massar
KMN-019046;0 152020101401617;Thierno Saidou Salla SY;0 1520201014;
KMN-019107;0 152020101401585;Djiby BALDE;0 1520201014;
KMN-019130;0 152020101401619;Adama Faye;0 1520201014;
KMN-019199;0 152020101401604;Modou Mbacke THIAM;0 1520201014;
KMN-019224;0 152020101401621;Cheikh Saadibou Sidibe;0 1520201014;
KMN-019380;0 152020101501096;Cheikh I brahima Fall Samba;0 1520201015;
KMN-019587;0 152020101401590;Khady Kasse;0 1520201014;
KMN-019601;0 152020101501179;Abdoulaye Niasse;0 1520201015;Extension Hopital Traditionnel
KMN-019618;0 152020101501197;Mbaye SALL;0 1520201015;Extension Hopital Traditionnel
KMN-019792;0 152020101501192;Abdourahmane Niasse;0 1520201015;Extension Hopital Traditionnel
KMN-019982;0 152020101301184;Penda Sylla;0 1520201013;4446/KM EX 21623/DP
KMN-019991;0 152020101301099;Makha Ndiaye;0 1520201013;
KMN-020029;0 152020101401649;Mbene Sarr;0 1520201014;
KMN-020316;0 152020101401635;Mariama Keita;0 1520201014;Extension Village Keur Massar
KMN-020343;0 152020101401640;Sandjiry Sall;0 1520201014;
KMN-020455;0 152020101401639;Fatoumata Sidibe;0 1520201014;
KMN-020891;0 152020101401332;Comba Seye;0 1520201014;
KMN-020954;0 152020101501320;Madicke SALL;0 1520201015;Extension Hopital Traditionnel
KMN-021031;0 152020101501319;Aissatou NDOYE;0 1520201015;Extension Hopital Traditionnel
KMN-021136;0 152020101401069;Madiop Fall;0 1520201014;Keur Massar
KMN-021146;0 152020101501318;Ndeye Fatou SALL;0 1520201015;Extension Hopital Traditionnel
KMN-021256;0 152020101501317;Papa Matar SALL;0 1520201015;Extension Hopital Traditionnel
KMN-021477;0 152020101501315;Moussa Konate;0 1520201015;Extension Hopital Traditionnel
KMN-021916;0 152020101602093;Papa Aly CISSE;0 1520201016;Cite CPI
KMN-022008;0 152020101602125;Samba Diba;0 1520201016;Keur Massar
KMN-022041;0 152020101602126;Samba Diba;0 1520201016;Keur Massar
KMN-022060;0 152020101602116;Elhadji Hamady BAAL;0 1520201016;Cite CPI
KMN-022142;0 152020101401528;Assane Seck;0 1520201014;
KMN-022161;0 152020101401527;Ousseynou Seck;0 1520201014;Darou Salam
KMN-022294;0 152020101401432;Abdou Aziz Seck;0 1520201014;Darou Salam
KMN-022295;0 152020101401431;Anta Seck;0 1520201014;Darou Salam
KMN-022572;0 152020101401438;Mara Diop;0 1520201014;Darou Salam
KMN-022691;0 152020101401485;Mamadou Sarr;0 1520201014;
KMN-022710;0 152020101401483;Modou Wade;0 1520201014;
KMN-023244;0 152020101600667;Cherif El Khoutoub Aidara;0 1520201016;TNI ENTRE TF 444 ET 11847/DP
KMN-023455;0 152020101600906;Amadou Ndiaye;0 1520201016;Darou Salam
KMN-023466;0 152020101600904;Amadou Ndiaye;0 1520201016;Darou Salam
KMN-023696;0 152020101600909;Amadou Ndiaye;0 1520201016;Darou salam
KMN-023708;0 152020101600907;Amadou Ndiaye;0 1520201016;Darou Salam
KMN-023725;0 152020101600905;Amadou Ndiaye;0 1520201016;Darou Salam
KMN-023887;0 152020101600633;Yacinthe SARR;0 10520201016;
KMN-023921;0 152030100500936;Bounama Sarr;0 1520301005;Cite Gendarmerie
KMN-023933;0 152020100800903;Ousseynou MBAYE;0 10520201008;Zone de recasement 3éme  tranche
KMN-024056;0 152020101900632;Abdourahmane Soumare;0 1520201019;Arrêté N°0014/MVP/DST du 21 Juin 2006
KMN-024297;0 152020101600979;Idrissa samb;0 1520201016;
KMN-024440;0 152020100800928;Bada Mbaye;0 1520201008;
KMN-024557;0 152020101601021;Fatou Ndiaye;0 1520201016;
KMN-024744;0 152020100801147;Seynabou Ndiaye;0 1520201008;Keur Massar Nord
KMN-024816;0 152020101701387;Amadou Djibril Ba;0 1520201017;Cite CPI
KMN-024845;0 152020101600456;Alhousseyene Dia;0 1520201016;
KMN-024859;0 152020101601052;Abdou Salam Diallo;0 1520201016;
KMN-024988;0 152020101701394;Khady Thiam;0 1520201017;Cité CPI
KMN-025521;0 152020101602018;Bachir Laraki;0 1520201016;
KMN-025579;0 152020101602012;Sahehdine Laraki;0 1520201016;
KMN-025605;0 152020101602019;Bachir Laraki;0 1520201016;
KMN-025659;0 152020101602008;Saleh Dine Laraki;0 1520201016;
KMN-025710;0 152020101602006;Saleh Dine Laraki;0 1520201016;
KMN-025749;0 152020101602004;Saleh Dine Laraki;0 1520201016;
KMN-025792;0 152020101602002;Saleh Dine Laraki;0 1520201016;
KMN-025814;0 15202010602009;Abd El Ahad Laraki;0 1520201016;
KMN-025835;0 152020101602000;Saleh Dine Laraki;0 1520201016;
KMN-025861;0 152020101602007;Abd El Ahad Laraki;0 1520201016;
KMN-025884;0 152020101601998;Salah Dine Laraki;0 1520201016;
KMN-025902;0 152020101602005;Abd El Ahad Laraki;0 1520201016;
KMN-025944;0 152020101602003;Abdel Ahad Laraki;0 1520201016;
KMN-025987;0 152020101602001;Abd El Ahad Laraki;0 1520101016;
KMN-025994;0 152020101600216;Abdoulaye Sarr;0 1520201016;Arrëté N° 0034/MVP/DST du 20/03/2003
KMN-026001;0 152020100800776;Marcellin Zaba;0 1520201008;Zone de recasement keur massar
KMN-026031;0 152020101601999;Abd El Ahad Laraki;0 1520201016;
KMN-026053;0 152020101601994;Mme Fatima Laraki;0 1520201016;
KMN-026075;0 152020101601997;Abd El Ahad Laraki;0 1520201016;
KMN-026091;0 152020101601993;Mme Fatima Laraki;0 1520201016;
KMN-026130;0 152020101601995;Abd El Ahad Laraki;0 1520201016;
KMN-026138;0 152020101601991;Mme Fatima Laraki;0 1520201016;
KMN-026170;0 152020101601963;Abdel Maleck Laraki;0 1520201016;
KMN-026186;0 152020101601989;Mme Fatima Laraki;0 1520201016;
KMN-026230;0 152020101601987;Mme Nor Laraki;0 1520201016;
KMN-026251;0 152020101601992;Mme Fatima Laraki;0 1520201016;
KMN-026262;0 152020101601962;Mme Fatima Laraki;0 1520201016;
KMN-026277;0 152020101601985;Mme Nor Laraki;0 1520201016;
KMN-026295;0 152020101601966;Mme Fatima Laraki;0 1520201016;
KMN-026307;0 152020101601990;Mme Fatima Laraki;0 1520201016;
KMN-026326;0 152020101601983;Mme Nor Laraki;0 1520201016;
KMN-026353;0 152020101601988;Mme Fatima Laraki;0 1520201016;
KMN-026363;0 152020101601960;Mme Fatima Laraki;0 1520201016;
KMN-026373;0 152020101601981;Mme Nor Laraki;0 1520201016;
KMN-026399;0 152020101601986;Mme Nor Laraki;0 1520201016;
KMN-026410;0 152020101601968;Abdel Razak Laraki;0 1520201016;
KMN-026411;0 152020100800579;Mendy Mpart;0 1520201008;
KMN-026415;0 152020101601961;Abdel Maleck Laraki;0 1520201016;
KMN-026451;0 152020101601984;Mme Nor Laraki;0 1520201016;
KMN-026472;0 152020101601967;Abdel Razak Laraki;0 1520201016;
KMN-026477;0 152020101601958;Mme Fatima Laraki;0 1520201016;
KMN-026492;0 152020101601982;Nor Sabah Laraki;0 1520201016;
KMN-026523;0 152020101601970;Abdel Razak Laraki;0 1520201016;
KMN-026545;0 152020101601980;Mme Nor Laraki;0 1520201016;
KMN-026579;0 152020100800580;Saliou Mboup;0 1520201008;
KMN-026584;0 152020101601969;Abdel Razak Laraki;0 1520201016;
KMN-026589;0 152020101601956;Mme Fatima Laraki;0 1520201016;
KMN-026628;0 152020101601183;Boulaye Dia;0 1520201016;Darou salam
KMN-026638;0 152020101601972;Abdel Razak Laraki;0 1520201016;
KMN-026697;0 152020101601954;Mme Fatima Laraki;0 1520201016;
KMN-026758;0 152020101601974;Abdel Razak Laraki;0 1520201016;
KMN-026802;0 152010101600262;Mamadou Moustapha Gueye;0 1520101016;
KMN-026822;0 152020101601952;Mme Fatima Laraki;0 1520201016;
KMN-026886;0 152020100800586;Khalifa Ababacar GNINGUE;0 1520201008;Premiere Tranche
KMN-026927;0 152010101600261;Mamadou Moustapha Gueye;0 1520101016;
KMN-026932;0 152020101601977;Abdel Razak Laraki;0 1520201016;
KMN-026934;0 152020101601950;Mme Fatima Laraki;0 1520201016;
KMN-026957;0 152020101601976;Abdel Razak Laraki;0 1520201016;
KMN-026989;0 152020101601951;Abdel Maleck Laraki;0 1520201016;
KMN-027043;0 152020101601948;Mme Fatima Laraki;0 1520201016;
KMN-027073;0 15202O101600260;Wagane Sene;0 1520201016;
KMN-027091;0 152020101601949;Abdel Maleck Laraki;0 1520201016;
KMN-027129;0 152020101601931;Bachir Laraki;0 1520201016;
KMN-027159;0 152020101601932;Bachir Laraki;0 1520201016;
KMN-027183;0 152020101601933;Bachir Laraki;0 1520201016;
KMN-027190;0 152020101601935;Bachir Laraki;0 1520201016;
KMN-027226;0 152020101601937;Abdel Maleck Laraki;0 1520201016;
KMN-027251;0 152020101600145;Magatte Ndiaye;0 1520201016;Arrété  0014/MVP/DST
KMN-027252;0 152020101601939;Abdel Maleck Laraki;0 1520201016;
KMN-027280;0 152020101601941;Sid Mouhamed Aziz Laraki;0 1520201016;
KMN-027305;0 152020101601943;Sid Mouhamed Aziz Laraki;0 1520201016;
KMN-027339;0 152020101601945;Sid Mouhamed Aziz Laraki;0 1520201016;
KMN-027346;0 152020101601930;Bachir Laraki;0 1620201016;
KMN-027370;0 152020101601947;Sid Mouhamed Aziz Laraki;0 1520201016;
KMN-027375;0 152020101601934;Bachir Laraki;0 1520201016;
KMN-027406;0 152020101601719;Oumy Abdoulaye Diop;0 1520201016;Darou salam keur Massar
KMN-027414;0 152020101601936;Abdel Maleck Laraki;0 1520201016;
KMN-027439;0 152020101601938;Abdel Maleck Laraki;0 1520201016;
KMN-027474;0 152020101601940;Sid Mouhamed Aziz Laraki;0 1520201016;
KMN-027496;0 152020101601942;Sid Mouhamed Aziz Laraki;0 1520201016;
KMN-027528;0 152020101601944;Sid Mouhamed Aziz Laraki;0 1520201016;
KMN-027555;0 152020101601946;Sid Mouhamed Aziz Laraki;0 1520201016;
KMN-027802;0 152020200900992;Ibrahima Seck;0 1520202009;
KMN-027891;0 152020101601236;Mountakha SECK;0 1520201016;Arrété n°0014/MVP/DST/du 21 Juin 2006
KMN-028412;0 152020101700637;Mansour Sogue;0 1520201017;Arreté 0036/MVP/DST du 14 Mai 2003
KMN-028551;0 152020101700848;Alioune Fall;0 1520201017;Arrété N°00905/MVP/DST du 19/12/2003
KMN-028602;0 152020101701240;Djibril Mboup;0 1520201017;Arrëté N° 0034/MVP/DST du 20/03/2003
KMN-028634;0 152020101601259;Adama Sakho;0 1520201016;
KMN-028664;0 152020101601384;Cheikh Ahmadou Bamba Diop;0 1520201016;
KMN-028750;0 152020101700792;Abdou Karim Ndoye;0 1520201017;Arrêté N°00905/MVP/DST du 19 Decembre 2003
KMN-028773;0 152020101601321;Oumar Ndongo;0 1520201016;SCI Darou Salam
KMN-028774;0 152020101700853;Malick Seye;0 1520201017;Arreté 08 /MVP/DST du 19/12/2003
KMN-028857;0 152020101600306;Malick BA;0 1520201016;TNI ENTRE TF 444 ET 11847/DP
KMN-028882;0 152020101801243;Sandjiry DIOP;0 1520201018;
KMN-028938;0 152020101601279;Salimata Diawara;0 1520201016;
KMN-029075;0 152020101001222;Maimouna Camara;0 1520201010;
KMN-029137;0 152020101601293;Pape Adama FALL;0 1520201016;Arrete 014 /MVP/DST du 21 Juin 2006
KMN-029212;0 152020101700818;Mamadou Ndoye;0 1520201017;Arrêté N°0014/MVP/DST du 19/12/2003
KMN-029338;0 152020101700816;Mamadou Ndoye;0 1520201017;Arrêté N°00905/MVP/DST du 19 Decembre 2003
KMN-029365;0 152020101801272;Jean Mendy;0 1520201018;Keur Massar Extension village
KMN-029375;0 152020101601373;Dame Sarr;0 1520201016;
KMN-029452;0 152020101700814;Mamadou Ndoye;0 1520201017;Arrêté N°00905/MVP/DST du 19 Decembre 2003
KMN-029461;131040002300027;Mamadou DIA;1310400023;Keur Massar cite wardini
KMN-029525;0 131040002300026;Maguette Sall;0 13104000230;
KMN-029551;131040002300029;Amadou Diama NIANG;1310400023;Keur Massar cite wardini
KMN-029558;0 152020101601370;Cheikh Mbacke Diongue;0 1520201016;
KMN-029611;131040002300028;Souleye BALDE;1310400023;Keur Massar cite wardini
KMN-029692;0 152020101700811;Adja Mariame DIOP;0 1220201017;
KMN-029697;0 152020101701222;Mouhamed Gaye;0 1520201077;Arrété N°0034/MVP/DST du 20/03/2003
KMN-029916;0 152010100701078;Amadou Korka Diallo;0 1520101007;
KMN-030014;0 152020101601360;Awa Cisse;0 1520201016;SCI Darou Salam
KMN-030023;0 152020101701265;Kardiatou Amadou Kane;0 1520201017;
KMN-030071;0 152020101701070;Ismaila Tacky;0 1520201017;Arrêté 0034/MVP/DST du 19 Decembre 2003
KMN-030081;0 152020101001288;Aissatou Diagne;0 1520201010;
KMN-030160;0 152020101601359;Awa Cisse;0 1520201016;
KMN-030258;0 152020101900014;Moussa Ndiaye;0 1520201019;Arrêté n°0014/MVP/DST du 21 juin 2006
KMN-030327;0 152020101601458;Atick Kane;0 1520201016;SCI Darou Salam
KMN-030482;0 152020101601470;Oumar GUEYE;0 1520201016;SCI Darou Salam
KMN-030793;0 152020101900123;Ndeye Gallo SYLLA;0 1520201019;Arrêté n°0014 /MVP/DST du 21 Juin 2006
KMN-030795;0 152020101900061;Anta Sow;0 1520201019;
KMN-030901;0 152020101900071;Souleymane Diallo;0 1520201019;
KMN-030980;0 152020101900120;Cherif Aminata Diakhate;0 1520201019;Arrété n°0014/MVP/DST/du 21 Juin 2006
KMN-031000;0 152020101900118;Cherif Aminata Diakhate;0 1520201019;Arrété n°0014/MVP/DST/du 21 Juin 2006
KMN-031337;0 152020100900523;Dieneba DIAO;0 1520201009;
KMN-031433;0 152020101801171;Ousmane Ndiaye;0 1520201018;
KMN-031561;0 152020101801189;Khadim Seck;0 1520201018;Arrêté N°0034 /MVP/DST du 20 Mars 2003
KMN-031626;0 152020101901075;Mansour Diop;0 1520201019;
KMN-031944;0 152020101801129;Yacine Ndong;0 1520201018;
KMN-031948;0 152020101901227;Mansour Diop;0 1520201019;
KMN-032051;0 152020101901066;Babacar Seck;0 1520201019;Arrêté N° 018/MVP/DST du 17/12/2007
KMN-032072;0 152020101900263;Abdou Aziz Samb;0 1520201019;Arrété N°0014/MVP/DST du 21 juin 2006
KMN-032097;0 152020101801081;Moussa Gadio;0 1520201018;Arrêté N° OOO34 /MVP/DST du 20 Mars 2003
KMN-032103;0 152020101001457;Abdou Lakhat Diop;0 1520201010;
KMN-032178;0 152020101901039;Mansour Diop;0 1520201019;
KMN-032180;0 152010101900261;Ouleye Sidibe;0 1520101019;
KMN-032232;0 152020101901045;Aidara Kebe;0 1520201019;Arrete 0018/MVP/DST/du 17 Decembre 2007
KMN-032258;0 152020101901042;Mansour Diop;0 1520201019;
KMN-032422;0 152020101901046;Mansour Diop;0 1520201019;
KMN-032513;0 152020101901048;Mansour Diop;0 1520201019;
KMN-032652;0 152020101901241;Mansour Diop;0 1520201019;
KMN-032720;0 152020101800056;Aliou Ba;0 1520201018;
KMN-032758;0 152020101901240;Mansour Diop;0 1520201019;
KMN-032822;0 152020101800992;Ismaila Ba;0 1520201018;Arrêté N°0034/MVP/DST du 20/03/03/2003
KMN-032923;0 152020101900418;Hamet PAYE;0 10520201019;TNI entre TF 444 et 11847/DP
KMN-032939;0 152020101901245;Mouhamed Seye;0 1520201019;Arrêté N°018/MVP/DST du 17/12/2007
KMN-033065;0 152010101200834;Amadou Sy Diagne;0 1520101012;Gadaye
KMN-033136;0 152020101800102;Mamadou Thimbo;0 1520201018;
KMN-033182;0 152020101900891;Mamadou Mbodj LEYE;0 1520201019;Arrete n°003/MVP/DST/du 14 Avril 2006
KMN-033324;0 152020101901017;Alpha Diallo;0 1520201019;
KMN-033330;0 152020101901426;Hamidou Thiaw;0 1520201019;
KMN-033620;0 152020101900484;Abdoulaye Souare;0 1520201019;
KMN-033629;0 152020101900929;Elhadji Tapha Sane;0 1520201019;Arrete 0018/MVP/DST/du 17 Decembre 2007
KMN-033630;0 152020102000381;Mane LEYE;0 10520201020;
KMN-033733;0 152020101900733;Arouna Diop;0 15202010019;Arrété N°003/MVP/DST du 14 Avril 2006
KMN-033794;0 152020101901420;Wedji Ndiaye;0 1520201019;Arrêté 0 905/MVP/DST du 19/12/2003
KMN-033812;0 152020101901419;Wedji Ndiaye;0 1520201019;Arrêté 0 905/MVP/DST du 19/12/2003
KMN-033829;0 152020101901418;Wedji Ndiaye;0 1520201019;Arrêté 0 905/MVP/DST du 19/12/2003
KMN-033834;0 152020101900521;Mor SECK;0 1520201019;Arrétè n°0014/MVP/DST/du 21 Juin 2006
KMN-033899;0 152020102000361;Lassana DIOP;0 1520201020;
KMN-033983;0 152020101900462;Seydou Gneny;0 1520201019;Arrété n°0014/MVP/DST/du 21 Juin 2006
KMN-034005;0 152020101800083;Bara Cissé;0 1520201018;Keur Massar Nord
KMN-034046;0 152020101800529;Soro Sall;0 1520201018;Arrété N°0034/MVP/DST du 20/03/2003
KMN-034048;0 152020101800313;Ousmane Diagana;0 1520201018;
KMN-034051;0 152020101900451;Mame Marie Sy;0 1520201019;
KMN-034104;0 152020101900459;Abdou Khadre Ndiaye;0 1520201019;Arrété n°0014/MVP/DST/du 21 Juin 2006
KMN-034118;0 152020101800528;Soro Sall;0 1520201018;Arrété N°00034/MVP/DST du 20/03/2003
KMN-034121;0 152020101900461;Mamadou SIBY;0 1520201019;Arrété n°0014/MVP/DST/du 21 Juin 2006
KMN-034124;0 152020101900881;Mareme Ndiaye;0 1520201019;Arrêté n°0014/MVP/DST du 14 Avril 2006
KMN-034133;0 152020101800527;Soro Sall;0 1520201018;Arrété N°00034/MVP/DST du 20/03/2003
KMN-034229;0 152020101800526;Soro Sall;0 1520201018;Keur Massar Extension village
KMN-034245;0 152020102000314;EL Momath CISSE;0 10520201020;TNI entre TF 444 et 11847/DP
KMN-034277;0 152020102000311;EL Momath CISSE;0 10520201020;TNI entre TF 444 et 11847/DP
KMN-034421;0 152020102000312;EL Momath CISSE;0 10520201020;TNI entre TF 444 et 11847/DP
KMN-034479;0 152020102000396;Modou Mai NDIAYE;0 1520201020;Arrété N°0014/MVP/DST du 21 juin 2006
KMN-034534;0 152020101801431;Philippe Martial;0 1520201018;
KMN-034539;0 152020101801435;Ndeye Fily Ndiaye;0 1520201018;
KMN-034637;0 152020101801384;Serigne Modou Seye;0 1529291018;
KMN-034648;0 152020102000416;Absa Toure;0 1520201020;Arrêté n°0014/MVP/DST du 21 juin 2006
KMN-034718;0 152020101801386;Serigne Modou Seye;0 1520201018;Arrété N°00034/MVP/DST du 20/03/2003
KMN-034751;0 152020102000418;Absa Toure;0 1520201020;Arrêté n°0014/MVP/DST du 21 juin 2006
KMN-034791;0 152020101900618;Ibrahima Ndoye;0 1520201019;Arrété N°0014/MVP/DST
KMN-034804;0 152020101801324;Mor Fall;0 1520201018;
KMN-034870;0 152020101900617;Aissata BA;0 1520201019;Arrété n°0014/MVP/DST/du 21 Juin 2006
KMN-034931;0 152020101800492;Baba Badiane;0 1520201018;Arrêté N°0034 /MVP/DST du 20 Mars 2003
KMN-034937;0 152020101800623;Moustapha Mbaye;0 1520201018;
KMN-034951;0 152020102000454;Mamadou Diakhate;0 1520201020;444/DP et 11847/DP
KMN-034975;0 1520201001900615;Aissata BA;0 1520201019;Arrété n°0014/MVP/DST/du 21 Juin 2006
KMN-034980;0 152020101900877;Moussa Nomokho;0 1520201019;Keur Massar
KMN-035026;0 152020102000475;Mouhamadou Lamine Mboup;0 1520201020;
KMN-035039;0 152020102000424;Aliou Diop;0 1520201020;Arrété N°0014/MVP/DST du 21 Juin 2006
KMN-035166;0 152020102000477;Moussa SECK;0 1520201020;TNI ENTRE TF 444 ET 11847/DP
KMN-035174;0 152020101801313;Souleye Gueye;0 1520202101;Arrété N°00034/MVP/DST du 20/03/2003
KMN-035203;0 152020101900597;Moustapha Ndiongue;0 1520201019;TNI situé au nord du TF 458/DP
KMN-035243;0 152020102000480;Moussa SECK;0 1520201020;TNI ENTRE TF 444 ET 11847/DP
KMN-035260;0 152020102000472;Momath Cisse;0 1520201020;
KMN-035333;0 152020102202259;Ousmane Ndiaye;0 1520201022;Arreté 0034/MVP/DST/du  20/03/2003
KMN-035367;0 152020102000470;Momath Cisse;0 1520201020;
KMN-035589;0 152020101900665;Maguette Diop;0 1520201019;Arrêté N°003/MVP/DST du 14 Avril 2006
KMN-035692;0 152020102000897;Adji Khadidia Sy;0 1520201020;Arrété N°0014/MVP/DST du 21 JUIN 2006
KMN-035697;0 152020102000511;Kang Mamadou Drame;0 1520201020;
KMN-035716;0 152020101801496;Coumba Traore;0 1520201018;Arreté 0034/MVP/DST/du  20/03/2003
KMN-035849;0 152020102000641;Cheikh Goumbala;0 1520201020;Arrëté N° 003/MVP/DST du 14/04/2006
KMN-035913;0 152020102100007;Fatou DIOP;0 1520201021;Arrete n°0014/MVP/DST du 21 Juin 2006
KMN-036001;0 152020101900561;Moustapha Diongue;0 1520201019;
KMN-036188;0 152020102000871;Fatoumata Ka;0 1520201020;
KMN-036405;0 152020102000876;Aminata Kane;0 1520201020;Arrêté N°0014/MVP/DST du 21 Juin 2006
KMN-036494;0 152020102200080;Cheikh Lo SAGNANE;0 1520201022;Arrete n°003/MVP/DST/du 14 Avril 2006
KMN-036520;0 152020102100104;Fatou FALL;0 1520201021;Arrete n°003/MVP/DST/du 14 Avril 2006
KMN-036583;0 152020102202177;Maimouna Abdoul Ba;0 1520201022;Arrêté n°0014/MVP/DST du 20 Mars 2003
KMN-036627;0 152020102100051;Thierno Hamidou Diallo;0 1520201021;TNI situé au nord du TF 458/DP
KMN-036657;0 152020102000783;Papa Amadou DIOUF;0 1520201020;Arrete 0014/MVP/DST du 21 Juin 2006
KMN-036730;0 152020102100066;Mamadou TINE;0 1520201021;TNI Arrete 003/MVP/DST du14/04/2006
KMN-036795;0 152020102202142;Mamadou Dia;0 1520201022;
KMN-036974;0 152020102000841;Matar Drame;0 1520201020;Arrété N°0014/MVP/DST du 21 juin 2006
KMN-037043;0 152020102000842;Omar Cisse;0 1520201020;Arrêté N°0014/MVP/DST du 21 Juin 2006
KMN-037076;0 152020102100694;Elhadji Adiouma DIALLO;0 1520201021;Arrete n°0014/MVP/DST du 21 Juin 2006
KMN-037093;0 152020102000838;Pape Assane GUEYE;0 1520201020;TNI ENTRE TF 444 ET 11847/DP
KMN-037103;0 152020102100696;Elhadji Adiouma DIALLO;0 1520201021;Arreete n°0014/MVP/DST du 21 Juin éàà-
KMN-037111;0 152020102100213;Ibrahima Paye;0 1520201021;TNI situé au Nord du TF 458/DP
KMN-037172;0 152020102100171;Mamadou Laba THIAW;0 1520201021;Arrete n°003/MVP/DST/du 14 Avril 2006
KMN-037282;0 152020102200294;Houlemata Traore;0 1520201022;
KMN-037328;0 152020102101335;Mamadou Lamine Diallo;0 1520201021;TNI entre TF 444 et 11847/DP
KMN-037412;0 152020102101341;Mariama Sarr;0 1520201021;
KMN-037425;0 152020102200268;Demba NDIAYE;0 1520201022;458/DP
KMN-037428;0 152020102200242;Mamadou samir THIAM;0 1520201022;TNI au NORD du TF 458/DP
KMN-037463;0 152020102101338;Didier Malou;0 1520201021;
KMN-037493;0 152020102101349;Abdou Khadre Diao;0 1520201021;
KMN-037499;0 152020102101340;Amadou Mbengue DIOP;0 1520201021;Arrété n°0014/MVP/DST/du 21 Juin 2006
KMN-037584;0 152020102100239;Seynabou Ndour;0 1520201021;TNI au Nord du TF 458/DP
KMN-037610;0 152020102100724;Ndeye Arame Niang;0 1520201021;Arrété n°0014/MVP/DST/du 21 Juin 2006
KMN-037676;0 152020102100716;Christine Coumba Diaga Sarr;0 1520201021;
KMN-037695;0 152020102100723;Sophie Jeanne SAGNA;0 1520201021;Arrété n°0014/MVP/DST/du 21 Juin 2006
KMN-037816;0 152020102101288;Mohamadou Bathily;0 1520201021;
KMN-038089;0 152020102200570;Assane Mouhamadou WADE;0 1520201022;TNI Keur Massar
KMN-038169;0 152020102200571;Assane Mouhamadou WADE;0 1520201022;TNI Keur Massar
KMN-038297;0 152020102101135;Ismaila Ndiaye;0 1520201021;
KMN-038417;0 152020102101207;Ami SENE;0 1520201021;Arrêté n°0014/MVP/DST du 21 juin 2006
KMN-038434;0 152020102101209;Abdaramane Soumare;0 1520201021;Arreté 0014/MVP/DST du 21/06/2006
KMN-038449;0 152020102101123;Wagane Sene;0 1520201021;
KMN-038476;0 152020102101206;Gora NDIAYE;0 1520201021;Arrêté n°0014/MVP/DST du 21 juin 2006
KMN-038477;0 152020102101120;Anta Diop;0 1520201021;TNI ENTRE TF 444 ET 11847/DP
KMN-038501;0 152020102101121;Wagane Sene;0 1520201021;
KMN-038513;0 152020102101145;Aoua Tirera;0 1520201021;
KMN-038582;0 152020102100504;Ndeye Nafissatou DIOP;0 1520201021;Arrete n°003/MVP/DST/du 14 Avril 2006
KMN-038656;0 152020102200840;Mansour Diop;0 1520201022;
KMN-038714;0 152020102200808;Boubou Diop;0 15202021022;Arrêté 08 /MVP/DST du 03/07/2008
KMN-038728;0 152020102200804;Amadou Ba;;Arreté 08 /MVP/DST du 03  Juillet 2008
KMN-038734;0 152020102200841;Mansour Diop;0 1520201022;
KMN-038753;0 152020102200810;Salimata Diawara;0 1520201022;
KMN-038802;0 152020102200812;Mansour Diop;0 1520201022;
KMN-038844;0 152020102200814;Mansour Diop;0 1520201022;
KMN-038893;0 152020102200816;Mansour Diop;0 1520202010;
KMN-038906;0 152020102101113;Modou sall;0 1520201021;Arrété N°0014/MVP/DST du 21 juin 2006
KMN-039128;0 152020102100764;Djiby Sow;0 1520201021;
KMN-039337;0 152020102201639;Saliou Leye;0 1520201022;
KMN-039409;0 152020102101035;Fatou Diop;0 1520201021;Arrété N°0014/MVP/DST du 21 Juin 2006
KMN-039414;0 152020102200914;Mansour Diop;0 1520201022;
KMN-039433;0 152020102201640;Astou Sene Cissé;0 1520201022;
KMN-039792;0 152030100501009;Madiale Ndiaye;0 1520301005;Cite Gendarmerie
KMN-040298;0 152020102100902;Fadel Sarr;0 1520201021;
